Construct,GFP.cm2,ΔCQ.GFP
GFP,789.6,0.000132046
HCPro,338.4286,0.121863107
HCPx6K2,103.7636,1.681792831
6K2,450.8286,4.68476E-05
