Construct,AreaGFP(cm2),ΔCQ.GFP
GFP,0.15,0.000132046
HCPro,0.35,0.121863107
HCPx6K2,1.1,1.681792831
6K2,0.707,4.68E-05
